OG0001092|LLUY|Lamellibrachia_luymsi_proteins_LLU|FUN_017472-T1	PTHR11753:SF19	AP-1 COMPLEX SUBUNIT SIGMA-2	4e-86	286.9	2-155
OG0008927|LLUY|Lamellibrachia_luymsi_proteins_LLU|FUN_039966-T1	PTHR14274	FAMILY NOT NAMED	1.7e-28	99.0	15-99
OG0003918|LLUY|Lamellibrachia_luymsi_proteins_LLU|FUN_034819-T1	PTHR11758:SF16	RIBOSOMAL PROTEIN S15A	3.7e-75	250.8	84-239
OG0000923|LLUY|Lamellibrachia_luymsi_proteins_LLU|FUN_024365-T1	PTHR24056:SF126	CYCLIN-DEPENDENT KINASE 12	6.6e-210	699.6	196-827
OG0003950|LLUY|Lamellibrachia_luymsi_proteins_LLU|FUN_026561-T1	PTHR15749:SF4	FANCONI-ASSOCIATED NUCLEASE 1	2.7e-195	651.5	15-853
OG0002630|LLUY|Lamellibrachia_luymsi_proteins_LLU|FUN_011947-T1	PTHR10943	26S PROTEASOME NON-ATPASE REGULATORY SUBUNIT	0	1011.3	5-992
OG0004523|LLUY|Lamellibrachia_luymsi_proteins_LLU|FUN_039552-T1	PTHR12703:SF4	TRANSMEMBRANE PROTEIN 33	1.1e-71	241.6	36-265
OG0007965|LLUY|Lamellibrachia_luymsi_proteins_LLU|FUN_033426-T1	PTHR34090	FAMILY NOT NAMED	3e-35	121.4	18-123
OG0000017|LLUY|Lamellibrachia_luymsi_proteins_LLU|FUN_001171-T1	PTHR11616:SF236	TRANSPORTER	1.2e-204	681.7	143-107
OG0000924|LLUY|Lamellibrachia_luymsi_proteins_LLU|FUN_001912-T1	PTHR12232:SF1	SH3 DOMAIN-BINDING GLUTAMIC ACID-RICH PROTEIN	1.9e-31	109.9	1-308
OG0007596|LLUY|Lamellibrachia_luymsi_proteins_LLU|FUN_003368-T1	PTHR31919	FAMILY NOT NAMED	2e-60	205.2	1-326
OG0007812|LLUY|Lamellibrachia_luymsi_proteins_LLU|FUN_004749-T1	PTHR32001	FAMILY NOT NAMED	6.6e-57	191.3	8-136
OG0006298|LLUY|Lamellibrachia_luymsi_proteins_LLU|FUN_002142-T1	PTHR16043	DALRD3 PROTEIN	9.9e-69	233.0	106-536
OG0000126|LLUY|Lamellibrachia_luymsi_proteins_LLU|FUN_000239-T1	PTHR11267	T-BOX PROTEIN-RELATED	3.8e-10	40.1	37-226
OG0000256|LLUY|Lamellibrachia_luymsi_proteins_LLU|FUN_005796-T1	PTHR10985:SF125	TRANSCRIPTION FACTOR HES-4	4.3e-18	66.3	18-93
OG0002813|LLUY|Lamellibrachia_luymsi_proteins_LLU|FUN_033352-T1	PTHR11516:SF24	PYRUVATE DEHYDROGENASE E1 COMPONENT SUBUNIT ALPHA	1.3e-183	611.3	4-381
OG0002393|LLUY|Lamellibrachia_luymsi_proteins_LLU|FUN_034444-T1	PTHR13793:SF27	PROTEIN JADE-3	7e-23	81.1	2-433
OG0006483|LLUY|Lamellibrachia_luymsi_proteins_LLU|FUN_010042-T1	PTHR11845	UNCHARACTERIZED	2.2e-77	260.3	4-190
OG0004069|LLUY|Lamellibrachia_luymsi_proteins_LLU|FUN_002400-T1	PTHR42984:SF2	NAD-DEPENDENT PROTEIN DEACYLASE SIRTUIN-5, MITOCHONDRIAL	4e-110	367.5	49-322
OG0004994|LLUY|Lamellibrachia_luymsi_proteins_LLU|FUN_028454-T1	PTHR23064:SF18	TROPONIN C, SLOW SKELETAL AND CARDIAC MUSCLES	2.2e-11	44.5	169-249
OG0000078|LLUY|Lamellibrachia_luymsi_proteins_LLU|FUN_000138-T1	PTHR11785:SF503	AMINO ACID TRANSPORTER	8.5e-78	262.5	14-176
OG0004224|LLUY|Lamellibrachia_luymsi_proteins_LLU|FUN_033636-T1	PTHR12937:SF0	VACUOLAR PROTEIN SORTING-ASSOCIATED PROTEIN 28 HOMOLOG	1.3e-78	263.9	15-192
OG0001439|LLUY|Lamellibrachia_luymsi_proteins_LLU|FUN_011453-T1	PTHR24419:SF33	SERINE/THREONINE-PROTEIN KINASE PELLE	6.9e-147	491.6	10-564
OG0000828|LLUY|Lamellibrachia_luymsi_proteins_LLU|FUN_030053-T1	PTHR23119:SF41	PROTEIN SCRIBBLE HOMOLOG	0	1041.4	36-1193
OG0009001|LLUY|Lamellibrachia_luymsi_proteins_LLU|FUN_004585-T1	PTHR22045	FAMILY NOT NAMED	5.5e-33	115.3	36-324
OG0000390|LLUY|Lamellibrachia_luymsi_proteins_LLU|FUN_013050-T1	PTHR43788:SF11	SUBFAMILY NOT NAMED	1.8e-166	556.7	1004-885
OG0000221|LLUY|Lamellibrachia_luymsi_proteins_LLU|FUN_004727-T1	PTHR19375:SF345	SUBFAMILY NOT NAMED	0	1039.4	12-648
OG0002394|LLUY|Lamellibrachia_luymsi_proteins_LLU|FUN_019586-T1	PTHR24068:SF174	SUBFAMILY NOT NAMED	4.7e-78	264.0	278-150
OG0000733|LLUY|Lamellibrachia_luymsi_proteins_LLU|FUN_022966-T1	PTHR15735:SF12	CDC42-INTERACTING PROTEIN 4, ISOFORM B	3.9e-171	571.1	1-544
OG0000959|LLUY|Lamellibrachia_luymsi_proteins_LLU|FUN_009591-T1	PTHR43171	FAMILY NOT NAMED	1e-119	401.2	16-674
OG0000040|LLUY|Lamellibrachia_luymsi_proteins_LLU|FUN_002038-T1	PTHR14949:SF30	VON WILLEBRAND FACTOR D AND EGF DOMAIN-CONTAINING PROTEIN	1e-55	189.3	492-1061
OG0000273|LLUY|Lamellibrachia_luymsi_proteins_LLU|FUN_015802-T1	PTHR23169	ENVOPLAKIN	0	1558.1	1239-9658
OG0000276|LLUY|Lamellibrachia_luymsi_proteins_LLU|FUN_009733-T1	PTHR11771:SF42	SUBFAMILY NOT NAMED	1.3e-168	563.4	339-1254
OG0000130|LLUY|Lamellibrachia_luymsi_proteins_LLU|FUN_010427-T1	PTHR23507:SF1	GH08173P	8.3e-92	308.8	44-470
OG0000654|LLUY|Lamellibrachia_luymsi_proteins_LLU|FUN_003250-T1	PTHR18945:SF489	NEURONAL ACETYLCHOLINE RECEPTOR SUBUNIT ALPHA-9	1.1e-34	120.4	18-138
OG0004536|LLUY|Lamellibrachia_luymsi_proteins_LLU|FUN_023299-T1	PTHR10584:SF230	RIBOKINASE	2.4e-99	333.1	1-252
OG0011966|LLUY|Lamellibrachia_luymsi_proteins_LLU|FUN_028498-T1	PTHR46730	FAMILY NOT NAMED	3.7e-07	26.8	316-235
OG0008414|LLUY|Lamellibrachia_luymsi_proteins_LLU|FUN_017295-T1	PTHR28650	FAMILY NOT NAMED	1.9e-37	129.4	31-238
OG0001395|LLUY|Lamellibrachia_luymsi_proteins_LLU|FUN_033896-T1	PTHR12911:SF23	SUN DOMAIN-CONTAINING PROTEIN 1	3.3e-113	380.4	34-959
OG0002967|LLUY|Lamellibrachia_luymsi_proteins_LLU|FUN_022848-T1	PTHR21178	FAMILY NOT NAMED	2.4e-30	105.6	1-255
OG0000072|LLUY|Lamellibrachia_luymsi_proteins_LLU|FUN_004205-T1	PTHR24320:SF171	SUBFAMILY NOT NAMED	1.5e-115	386.0	19-324
OG0001546|LLUY|Lamellibrachia_luymsi_proteins_LLU|FUN_002265-T1	PTHR22957:SF355	TBC (TRE-2/BUB2/CDC16) DOMAIN FAMILY	2.2e-203	678.9	14-568
OG0000947|LLUY|Lamellibrachia_luymsi_proteins_LLU|FUN_015435-T1	PTHR12247:SF104	POLYCOMB PROTEIN SFMBT	6.9e-222	739.3	127-644
OG0001329|LLUY|Lamellibrachia_luymsi_proteins_LLU|FUN_023253-T1	PTHR23147:SF92	SERINE-ARGININE PROTEIN 55	3.8e-111	372.0	130-95
OG0006672|LLUY|Lamellibrachia_luymsi_proteins_LLU|FUN_025563-T1	PTHR14659	FAMILY NOT NAMED	5.7e-68	229.9	11-423
OG0003498|LLUY|Lamellibrachia_luymsi_proteins_LLU|FUN_016529-T1	PTHR46901	FAMILY NOT NAMED	8.5e-133	445.0	13-421
OG0006468|LLUY|Lamellibrachia_luymsi_proteins_LLU|FUN_019072-T1	PTHR21220	UNCHARACTERIZED	1.3e-128	430.6	3-451
OG0001584|LLUY|Lamellibrachia_luymsi_proteins_LLU|FUN_035458-T1	PTHR12877:SF7	SUBFAMILY NOT NAMED	9.7e-223	743.3	563-1520
OG0002468|LLUY|Lamellibrachia_luymsi_proteins_LLU|FUN_000169-T1	PTHR35420	FAMILY NOT NAMED	0.00019	21.9	211-238
OG0007736|LLUY|Lamellibrachia_luymsi_proteins_LLU|FUN_003280-T2	PTHR20996	UNCHARACTERIZED	5.2e-50	169.8	4-123
OG0007560|LLUY|Lamellibrachia_luymsi_proteins_LLU|FUN_011329-T1	PTHR31139:SF3	LIX1-LIKE PROTEIN	1.3e-160	534.7	10-304
OG0005040|LLUY|Lamellibrachia_luymsi_proteins_LLU|FUN_024402-T1	PTHR13007:SF19	PRE-MRNA-SPLICING FACTOR 18	3.6e-64	217.8	1-287
OG0000683|LLUY|Lamellibrachia_luymsi_proteins_LLU|FUN_040909-T1	PTHR10333:SF91	INHIBITOR OF GROWTH PROTEIN 3	7.5e-134	447.6	1-398
OG0000286|LLUY|Lamellibrachia_luymsi_proteins_LLU|FUN_021961-T1	PTHR21301:SF7	SUBFAMILY NOT NAMED	4.9e-15	55.3	2-92
OG0002395|LLUY|Lamellibrachia_luymsi_proteins_LLU|FUN_036046-T1	PTHR22957:SF296	SMALL G PROTEIN SIGNALING MODULATOR 3	1.7e-191	638.9	274-274
OG0000367|LLUY|Lamellibrachia_luymsi_proteins_LLU|FUN_029712-T1	PTHR10157:SF29	DOPAMINE BETA-HYDROXYLASE	6.2e-204	679.1	30-713
OG0000165|LLUY|Lamellibrachia_luymsi_proteins_LLU|FUN_023563-T1	PTHR24208:SF128	LIM3, ISOFORM G	3.8e-55	188.7	2-105
OG0002853|LLUY|Lamellibrachia_luymsi_proteins_LLU|FUN_008422-T1	PTHR21669:SF25	YEMANUCLEIN	8.4e-126	422.1	14-1084
OG0009736|LLUY|Lamellibrachia_luymsi_proteins_LLU|FUN_040592-T1	PTHR33711	FAMILY NOT NAMED	1.1e-14	55.1	79-210
OG0001167|LLUY|Lamellibrachia_luymsi_proteins_LLU|FUN_018936-T1	PTHR10218:SF212	GUANINE NUCLEOTIDE-BINDING PROTEIN G(S) SUBUNIT ALPHA ISOFORMS XLAS	3.6e-123	411.8	1-202
OG0000669|LLUY|Lamellibrachia_luymsi_proteins_LLU|FUN_014722-T1	PTHR46221:SF5	PROTEIN TYROSINE KINASE 2AA	0	1146.1	3-1086
OG0005726|LLUY|Lamellibrachia_luymsi_proteins_LLU|FUN_004639-T1	PTHR10829:SF29	ADF ACTIN BINDING PROTEIN	8.4e-52	175.4	4-142
OG0005263|LLUY|Lamellibrachia_luymsi_proteins_LLU|FUN_028384-T1	PTHR12458:SF8	CILIA- AND FLAGELLA-ASSOCIATED PROTEIN 20	9.8e-111	368.1	1-189
OG0000173|LLUY|Lamellibrachia_luymsi_proteins_LLU|FUN_012096-T1	PTHR23055:SF156	NEURONAL CALCIUM SENSOR 1	1.3e-71	240.5	18-163
OG0000100|LLUY|Lamellibrachia_luymsi_proteins_LLU|FUN_000468-T1	PTHR24034	FAMILY NOT NAMED	7.7e-42	144.8	16-186
OG0005755|LLUY|Lamellibrachia_luymsi_proteins_LLU|FUN_014459-T1	PTHR12052:SF5	THIOREDOXIN-LIKE PROTEIN 4A	3.2e-82	273.7	1-142
OG0010595|LLUY|Lamellibrachia_luymsi_proteins_LLU|FUN_030094-T1	PTHR24270	FAMILY NOT NAMED	7.8e-164	547.5	1272-1274
OG0000473|LLUY|Lamellibrachia_luymsi_proteins_LLU|FUN_003430-T1	PTHR46769:SF1	FIBROCYSTIN	0	1104.1	3-2364
OG0000265|LLUY|Lamellibrachia_luymsi_proteins_LLU|FUN_020452-T3	PTHR42757	FAMILY NOT NAMED	0	1022.3	1058-1058
OG0000197|LLUY|Lamellibrachia_luymsi_proteins_LLU|FUN_016665-T1	PTHR47508	FAMILY NOT NAMED	1.3e-72	246.0	1069-1062
OG0006609|LLUY|Lamellibrachia_luymsi_proteins_LLU|FUN_009597-T1	PTHR14140:SF2	E3 UBIQUITIN-PROTEIN LIGASE UHRF1	0	1098.8	1-862
OG0000589|LLUY|Lamellibrachia_luymsi_proteins_LLU|FUN_022127-T1	PTHR13710:SF72	ATP-DEPENDENT DNA HELICASE Q1	1.4e-12	47.4	5-154
OG0002028|LLUY|Lamellibrachia_luymsi_proteins_LLU|FUN_005950-T1	PTHR45951:SF3	PROTEIN DISPATCHED	2.4e-31	109.1	162-101
OG0000999|LLUY|Lamellibrachia_luymsi_proteins_LLU|FUN_012588-T1	PTHR14130	3BP-1 RELATED RHOGAP	1.3e-156	523.7	2-628
OG0000584|LLUY|Lamellibrachia_luymsi_proteins_LLU|FUN_001179-T1	PTHR11255:SF48	DIACYLGLYCEROL KINASE 1	3.3e-153	511.9	1-296
OG0004509|LLUY|Lamellibrachia_luymsi_proteins_LLU|FUN_001517-T1	PTHR11205:SF34	40S RIBOSOMAL PROTEIN S5	4.3e-120	399.0	29-224
OG0004654|LLUY|Lamellibrachia_luymsi_proteins_LLU|FUN_020292-T1	PTHR11242	ARYL HYDROCARBON RECEPTOR INTERACTING PROTEIN RELATED	5.6e-120	401.1	11-324
OG0001254|LLUY|Lamellibrachia_luymsi_proteins_LLU|FUN_029475-T1	PTHR43173:SF12	AARF DOMAIN-CONTAINING KINASE 1	1.3e-127	427.1	513-512
OG0002605|LLUY|Lamellibrachia_luymsi_proteins_LLU|FUN_008725-T1	PTHR10350	NUCLEAR PORE COMPLEX PROTEIN NUP155	0	1350.4	13-1369
OG0000109|LLUY|Lamellibrachia_luymsi_proteins_LLU|FUN_000718-T1	PTHR24372:SF69	SUBFAMILY NOT NAMED	3.2e-138	463.2	442-374
OG0001915|LLUY|Lamellibrachia_luymsi_proteins_LLU|FUN_012279-T1	PTHR11051:SF8	PROTEIN-GLUCOSYLGALACTOSYLHYDROXYLYSINE GLUCOSIDASE	3.5e-49	168.1	3-187
OG0001050|LLUY|Lamellibrachia_luymsi_proteins_LLU|FUN_039611-T1	PTHR24361:SF324	MITOGEN-ACTIVATED PROTEIN KINASE KINASE KINASE KINASE 5	3.1e-222	741.0	5-765
OG0000506|LLUY|Lamellibrachia_luymsi_proteins_LLU|FUN_014846-T1	PTHR24416:SF317	MUSCLE, SKELETAL RECEPTOR TYROSINE-PROTEIN KINASE	6.2e-75	253.8	221-388
OG0003656|LLUY|Lamellibrachia_luymsi_proteins_LLU|FUN_037217-T1	PTHR21716:SF4	TRANSMEMBRANE PROTEIN 245	2.2e-231	770.3	20-809
OG0001098|LLUY|Lamellibrachia_luymsi_proteins_LLU|FUN_001613-T1	PTHR34153:SF5	SI:CH211-262H13.3-RELATED	3.1e-35	122.7	170-346
OG0001643|LLUY|Lamellibrachia_luymsi_proteins_LLU|FUN_010825-T2	PTHR43718	FAMILY NOT NAMED	0	1334.3	9-867
OG0000302|LLUY|Lamellibrachia_luymsi_proteins_LLU|FUN_008032-T1	PTHR23167:SF46	MICAL-LIKE PROTEIN 2	1.7e-104	351.7	5-1178
OG0016681|LLUY|Lamellibrachia_luymsi_proteins_LLU|FUN_029517-T1	PTHR24356:SF315	PROTEIN KINASE C-RELATED	1.5e-25	90.2	14-75
OG0006246|LLUY|Lamellibrachia_luymsi_proteins_LLU|FUN_039826-T1	PTHR23183	NOP14	2.6e-222	741.2	29-792
OG0006063|LLUY|Lamellibrachia_luymsi_proteins_LLU|FUN_035100-T1	PTHR13101	PHOSPHOMEVALONATE KINASE	3.9e-63	213.0	1-152
OG0001920|LLUY|Lamellibrachia_luymsi_proteins_LLU|FUN_029252-T1	PTHR12632	TRANSCRIPTION FACTOR NF-Y ALPHA-RELATED	1.4e-47	163.8	34-271
OG0007721|LLUY|Lamellibrachia_luymsi_proteins_LLU|FUN_027146-T1	PTHR24390:SF124	TISSUE-RESIDENT T-CELL TRANSCRIPTION REGULATOR PROTEIN ZNF683	7.3e-77	259.3	263-401
OG0000482|LLUY|Lamellibrachia_luymsi_proteins_LLU|FUN_007659-T1	PTHR10361:SF28	RH04535P	1.3e-87	295.3	126-469
OG0000758|LLUY|Lamellibrachia_luymsi_proteins_LLU|FUN_003880-T1	PTHR12307	PROTEIN PHOSPHATASE 1 BINDING PROTEIN	5.7e-69	233.7	126-390
OG0000620|LLUY|Lamellibrachia_luymsi_proteins_LLU|FUN_001878-T1	PTHR24366:SF79	SUBFAMILY NOT NAMED	2.7e-50	172.0	124-549
OG0000178|LLUY|Lamellibrachia_luymsi_proteins_LLU|FUN_000751-T1	PTHR10974:SF65	SUBFAMILY NOT NAMED	3.7e-177	591.2	31-710
OG0000103|LLUY|Lamellibrachia_luymsi_proteins_LLU|FUN_028357-T1	PTHR11571:SF206	HEMATOPOIETIC PROSTAGLANDIN D SYNTHASE	2.1e-66	224.3	1-205
OG0000294|LLUY|Lamellibrachia_luymsi_proteins_LLU|FUN_010830-T1	PTHR12242	UNCHARACTERIZED	6.7e-10	39.3	22-86
OG0001143|LLUY|Lamellibrachia_luymsi_proteins_LLU|FUN_026166-T1	PTHR11405:SF38	CARBAMOYL-PHOSPHATE SYNTHASE [AMMONIA], MITOCHONDRIAL	0	1699.8	238-1374
OG0000050|LLUY|Lamellibrachia_luymsi_proteins_LLU|FUN_001802-T1	PTHR10024	SYNAPTOTAGMIN	3.5e-25	89.5	47-147
OG0001089|LLUY|Lamellibrachia_luymsi_proteins_LLU|FUN_039271-T1	PTHR15711:SF15	SIGNAL-INDUCED PROLIFERATION-ASSOCIATED 1-LIKE PROTEIN 3	0	1089.5	1156-1102
OG0006291|LLUY|Lamellibrachia_luymsi_proteins_LLU|FUN_000586-T1	PTHR12869	SMALL SEVEN TRANSMEMBRANE DOMAIN-CONTAINING PROTEIN	3.5e-89	299.2	1-221
OG0006945|LLUY|Lamellibrachia_luymsi_proteins_LLU|FUN_013513-T1	PTHR15263	I-KAPPA-B-LIKE PROTEIN  IKBL	1.3e-56	193.0	7-358
OG0003134|LLUY|Lamellibrachia_luymsi_proteins_LLU|FUN_022555-T1	PTHR22572:SF104	MANNOSE-1-PHOSPHATE GUANYLTRANSFERASE ALPHA	2.1e-186	619.9	2-423
OG0000434|LLUY|Lamellibrachia_luymsi_proteins_LLU|FUN_009388-T1	PTHR18916:SF67	CAP-GLY DOMAIN-CONTAINING LINKER PROTEIN 1A	5.6e-36	124.3	8-218
OG0002172|LLUY|Lamellibrachia_luymsi_proteins_LLU|FUN_033284-T1	PTHR23355:SF35	EXOSOME COMPLEX EXONUCLEASE RRP44	5.3e-293	975.4	2-644
OG0012319|LLUY|Lamellibrachia_luymsi_proteins_LLU|FUN_001752-T1	PTHR16083	LEUCINE RICH REPEAT CONTAINING PROTEIN	9e-31	107.7	239-386
OG0000628|LLUY|Lamellibrachia_luymsi_proteins_LLU|FUN_003607-T1	PTHR46343	FAMILY NOT NAMED	3e-54	185.0	216-103
OG0002027|LLUY|Lamellibrachia_luymsi_proteins_LLU|FUN_006712-T1	PTHR12867:SF7	BIFUNCTIONAL UDP-N-ACETYLGLUCOSAMINE TRANSFERASE AND DEUBIQUITINASE ALG13-RELATED	2.5e-29	102.8	24-523
OG0007601|LLUY|Lamellibrachia_luymsi_proteins_LLU|FUN_012502-T1	PTHR24243:SF201	NEUROPEPTIDE RECEPTOR FAMILY	4.3e-26	91.9	84-190
OG0006124|LLUY|Lamellibrachia_luymsi_proteins_LLU|FUN_026371-T1	PTHR45991	FAMILY NOT NAMED	2e-94	317.5	12-236
OG0000172|LLUY|Lamellibrachia_luymsi_proteins_LLU|FUN_004577-T1	PTHR23119:SF5	DISKS LARGE HOMOLOG 1	1e-44	153.3	70-66
OG0003167|LLUY|Lamellibrachia_luymsi_proteins_LLU|FUN_006142-T1	PTHR22774:SF17	UHRF1-BINDING PROTEIN 1-LIKE	6e-237	790.1	1-1465
OG0001216|LLUY|Lamellibrachia_luymsi_proteins_LLU|FUN_024620-T1	PTHR23226:SF139	FI01106P-RELATED	1.4e-93	315.6	142-136
OG0002390|LLUY|Lamellibrachia_luymsi_proteins_LLU|FUN_019468-T1	PTHR23306:SF17	TUMOR SUSCEPTIBILITY GENE 101 PROTEIN	1.3e-71	242.1	2-154
OG0000357|LLUY|Lamellibrachia_luymsi_proteins_LLU|FUN_008133-T1	PTHR47633:SF1	MYOSIN LIGHT CHAIN KINASE, SMOOTH MUSCLE	0	1027.0	1026-990
OG0000257|LLUY|Lamellibrachia_luymsi_proteins_LLU|FUN_014805-T1	PTHR10725:SF32	DNA TRANSPOSASE THAP9	2.2e-13	49.7	2-167
OG0006666|LLUY|Lamellibrachia_luymsi_proteins_LLU|FUN_010905-T1	PTHR24559:SF256	SUBFAMILY NOT NAMED	3.1e-12	45.9	19-70
OG0011174|LLUY|Lamellibrachia_luymsi_proteins_LLU|FUN_005070-T1	PTHR11604	PROFILIN	0.00077	19.8	1-140
OG0000755|LLUY|Lamellibrachia_luymsi_proteins_LLU|FUN_002226-T1	PTHR24073:SF387	RAS-RELATED PROTEIN RAB-4B	2.6e-105	351.3	6-205
OG0000036|LLUY|Lamellibrachia_luymsi_proteins_LLU|FUN_004086-T1	PTHR22923:SF90	SUBFAMILY NOT NAMED	1e-59	202.2	44-262
OG0006647|LLUY|Lamellibrachia_luymsi_proteins_LLU|FUN_020751-T1	PTHR43599:SF2	MULTIFUNCTIONAL PROTEIN ADE2	1e-245	819.0	4-420
OG0004219|LLUY|Lamellibrachia_luymsi_proteins_LLU|FUN_028984-T1	PTHR12442:SF5	WD REPEAT-CONTAINING PROTEIN 63	5.5e-207	690.1	576-490
OG0002875|LLUY|Lamellibrachia_luymsi_proteins_LLU|FUN_000587-T1	PTHR15574:SF21	DDB1 AND CUL4-ASSOCIATED FACTOR 8	1.8e-192	640.7	310-757
OG0004839|LLUY|Lamellibrachia_luymsi_proteins_LLU|FUN_012361-T1	PTHR11782:SF54	SUBFAMILY NOT NAMED	3.3e-109	366.3	6-474
OG0000214|LLUY|Lamellibrachia_luymsi_proteins_LLU|FUN_006076-T1	PTHR11878:SF44	NA/CA-EXCHANGE PROTEIN, ISOFORM G	1.4e-226	754.9	1-526
OG0000189|LLUY|Lamellibrachia_luymsi_proteins_LLU|FUN_022566-T1	PTHR11819	SODIUM/SOLUTE SYMPORTER	1.2e-31	110.3	18-100
OG0008339|LLUY|Lamellibrachia_luymsi_proteins_LLU|FUN_030628-T1	PTHR44442	FAMILY NOT NAMED	1.1e-139	465.6	6-328
OG0000893|LLUY|Lamellibrachia_luymsi_proteins_LLU|FUN_018308-T1	PTHR10625:SF109	HISTONE DEACETYLASE 8	8.7e-153	509.5	24-392
OG0000414|LLUY|Lamellibrachia_luymsi_proteins_LLU|FUN_004297-T1	PTHR22762:SF134	SUBFAMILY NOT NAMED	0	1030.1	128-127
OG0001270|LLUY|Lamellibrachia_luymsi_proteins_LLU|FUN_008311-T1	PTHR34491:SF2	CENTRIOLIN	3e-159	532.5	19-741
OG0001323|LLUY|Lamellibrachia_luymsi_proteins_LLU|FUN_002297-T1	PTHR47330	FAMILY NOT NAMED	2.1e-225	749.8	45-606
OG0008433|LLUY|Lamellibrachia_luymsi_proteins_LLU|FUN_012114-T1	PTHR11863:SF111	DELTA(7)-STEROL 5(6)-DESATURASE	1.5e-102	343.8	19-258
OG0002690|LLUY|Lamellibrachia_luymsi_proteins_LLU|FUN_010351-T1	PTHR19370:SF108	NADH-CYTOCHROME B5 REDUCTASE 2	6.3e-55	186.5	18-136
OG0001483|LLUY|Lamellibrachia_luymsi_proteins_LLU|FUN_001272-T1	PTHR22780:SF5	ADAPTOR PROTEIN COMPLEX 1, GAMMA SUBUNIT, ISOFORM D	4.7e-36	124.9	13-79
OG0004647|LLUY|Lamellibrachia_luymsi_proteins_LLU|FUN_002247-T1	PTHR24070:SF186	K-RAS	7.7e-102	339.0	45-224
OG0002391|LLUY|Lamellibrachia_luymsi_proteins_LLU|FUN_002137-T1	PTHR22738:SF10	RASSF (RAS-ASSOCIATION DOMAIN FAMILY) HOMOLOG	6.4e-15	55.8	61-194
OG0003165|LLUY|Lamellibrachia_luymsi_proteins_LLU|FUN_014671-T1	PTHR31108:SF1	SUBFAMILY NOT NAMED	2.7e-76	257.1	92-337
OG0000311|LLUY|Lamellibrachia_luymsi_proteins_LLU|FUN_001262-T1	PTHR21461:SF40	SUBFAMILY NOT NAMED	1.3e-68	232.3	108-487
OG0000440|LLUY|Lamellibrachia_luymsi_proteins_LLU|FUN_032436-T1	PTHR45734:SF3	TENSIN-1	5.5e-148	495.3	100-377
OG0000470|LLUY|Lamellibrachia_luymsi_proteins_LLU|FUN_036818-T1	PTHR14514:SF0	CENTROSOMAL PROTEIN OF 68 KDA-RELATED	0	1046.9	1150-1071
OG0003242|LLUY|Lamellibrachia_luymsi_proteins_LLU|FUN_029848-T1	PTHR22089	FAMILY NOT NAMED	5.9e-24	85.4	166-695
OG0000012|LLUY|Lamellibrachia_luymsi_proteins_LLU|FUN_000808-T1	PTHR46212:SF3	PROGRAMMED CELL DEATH 6	0.00011	22.4	6-37
OG0000591|LLUY|Lamellibrachia_luymsi_proteins_LLU|FUN_030034-T1	PTHR24410:SF28	SUBFAMILY NOT NAMED	7.7e-76	255.7	16-308
OG0002744|LLUY|Lamellibrachia_luymsi_proteins_LLU|FUN_000406-T1	PTHR11566:SF39	DYNAMIN-1-LIKE PROTEIN-RELATED	0	1072.8	2-718
OG0017485|LLUY|Lamellibrachia_luymsi_proteins_LLU|FUN_029349-T1	PTHR11973:SF17	SUBFAMILY NOT NAMED	0.00036	20.1	80-152
OG0003027|LLUY|Lamellibrachia_luymsi_proteins_LLU|FUN_018873-T1	PTHR13844:SF39	SUBFAMILY NOT NAMED	6.4e-42	144.8	695-507
OG0000093|LLUY|Lamellibrachia_luymsi_proteins_LLU|FUN_008620-T1	PTHR15241:SF124	DAZ-ASSOCIATED PROTEIN 1	4.7e-50	171.6	1-104
OG0001094|LLUY|Lamellibrachia_luymsi_proteins_LLU|FUN_005713-T1	PTHR22999:SF18	PX DOMAIN-CONTAINING PROTEIN KINASE-LIKE PROTEIN	3.9e-230	765.6	1-558
OG0004225|LLUY|Lamellibrachia_luymsi_proteins_LLU|FUN_011623-T1	PTHR13627:SF31	FUKUTIN-RELATED PROTEIN	1.3e-128	430.2	2-417
OG0009899|LLUY|Lamellibrachia_luymsi_proteins_LLU|FUN_003633-T1	PTHR24249:SF372	G PROTEIN-COUPLED RECEPTOR 52	2.9e-30	105.9	12-302
OG0000263|LLUY|Lamellibrachia_luymsi_proteins_LLU|FUN_006485-T1	PTHR23255:SF70	ACTIVIN RECEPTOR TYPE-2B	5e-107	359.1	1-196
OG0001614|LLUY|Lamellibrachia_luymsi_proteins_LLU|FUN_025601-T1	PTHR11781	IODOTHYRONINE DEIODINASE	7.7e-51	173.3	1-122
OG0000435|LLUY|Lamellibrachia_luymsi_proteins_LLU|FUN_026784-T1	PTHR13140:SF550	SUBFAMILY NOT NAMED	2.2e-240	801.8	66-894
OG0007396|LLUY|Lamellibrachia_luymsi_proteins_LLU|FUN_004535-T1	PTHR22950:SF243	SUBFAMILY NOT NAMED	1.9e-83	281.1	30-531
OG0004048|LLUY|Lamellibrachia_luymsi_proteins_LLU|FUN_031385-T1	PTHR28457:SF3	ZGC:194508	1.8e-67	227.8	158-128
OG0000698|LLUY|Lamellibrachia_luymsi_proteins_LLU|FUN_020461-T1	PTHR24361:SF608	MITOGEN-ACTIVATED PROTEIN KINASE KINASE KINASE 19	8.2e-20	71.7	4-56
OG0002074|LLUY|Lamellibrachia_luymsi_proteins_LLU|FUN_029147-T1	PTHR24056:SF243	CYCLIN-DEPENDENT KINASE 8	5.5e-217	721.4	1-422
OG0006228|LLUY|Lamellibrachia_luymsi_proteins_LLU|FUN_011361-T1	PTHR13186	MEDIATOR OF RNA POLYMERASE II TRANSCRIPTION SUBUNIT  SOH1	1.9e-65	220.5	9-129
OG0001843|LLUY|Lamellibrachia_luymsi_proteins_LLU|FUN_012564-T1	PTHR13832:SF565	AT28366P-RELATED	6.9e-110	366.9	3-290
OG0005936|LLUY|Lamellibrachia_luymsi_proteins_LLU|FUN_006481-T1	PTHR24180:SF14	ANKYRIN REPEAT DOMAIN-CONTAINING PROTEIN 45	1.5e-52	179.0	26-240
OG0011010|LLUY|Lamellibrachia_luymsi_proteins_LLU|FUN_032468-T1	PTHR15054	HISTIDINE-RICH CALCIUM-BINDING PROTEIN-RELATED	1.3e-10	40.9	36-114
OG0000296|LLUY|Lamellibrachia_luymsi_proteins_LLU|FUN_000027-T1	PTHR12916	CYTOCHROME C OXIDASE POLYPEPTIDE VIC-2	1.4e-120	404.7	1123-1093
OG0017458|LLUY|Lamellibrachia_luymsi_proteins_LLU|FUN_040265-T1	PTHR15583	INTERLEUKIN-17 RECEPTOR	1.3e-25	90.8	17-553
OG0004116|LLUY|Lamellibrachia_luymsi_proteins_LLU|FUN_020343-T1	PTHR11214:SF223	BETA-1,3-GALACTOSYLTRANSFERASE 6	3.2e-91	306.4	18-296
OG0000145|LLUY|Lamellibrachia_luymsi_proteins_LLU|FUN_001092-T1	PTHR42884:SF3	FURIN-LIKE PROTEASE 1, ISOFORMS 1/1-X/2	2.1e-125	420.3	2-334
OG0002628|LLUY|Lamellibrachia_luymsi_proteins_LLU|FUN_012720-T1	PTHR22576:SF29	MUCOSA-ASSOCIATED LYMPHOID TISSUE LYMPHOMA TRANSLOCATION PROTEIN 1	7.9e-89	299.2	17-683
OG0001142|LLUY|Lamellibrachia_luymsi_proteins_LLU|FUN_035061-T1	PTHR45762	FAMILY NOT NAMED	4.6e-294	977.8	53-921
OG0003813|LLUY|Lamellibrachia_luymsi_proteins_LLU|FUN_031083-T1	PTHR46315	FAMILY NOT NAMED	1e-125	420.1	191-185
OG0000095|LLUY|Lamellibrachia_luymsi_proteins_LLU|FUN_003856-T1	PTHR46641	FAMILY NOT NAMED	2.2e-57	195.2	85-433
OG0000024|LLUY|Lamellibrachia_luymsi_proteins_LLU|FUN_003251-T1	PTHR18945:SF489	NEURONAL ACETYLCHOLINE RECEPTOR SUBUNIT ALPHA-9	1.9e-42	146.0	2-155
OG0007385|LLUY|Lamellibrachia_luymsi_proteins_LLU|FUN_030624-T1	PTHR46194	FAMILY NOT NAMED	9.4e-56	187.8	3-119
OG0001194|LLUY|Lamellibrachia_luymsi_proteins_LLU|FUN_027806-T1	PTHR10676:SF183	DYNEIN HEAVY CHAIN 2, AXONEMAL	5.7e-68	230.0	8-414
OG0008349|LLUY|Lamellibrachia_luymsi_proteins_LLU|FUN_011014-T1	PTHR15082	NADH-UBIQUINONE OXIDOREDUCTASE B12 SUBUNIT	2.3e-18	66.2	21-95
OG0005944|LLUY|Lamellibrachia_luymsi_proteins_LLU|FUN_035685-T1	PTHR11800:SF13	DNA-DIRECTED RNA POLYMERASES I AND III SUBUNIT RPAC1	4.8e-141	470.1	2-295
OG0002991|LLUY|Lamellibrachia_luymsi_proteins_LLU|FUN_039726-T1	PTHR10648:SF8	SERINE/THREONINE-PROTEIN PHOSPHATASE 4 REGULATORY SUBUNIT 1	2.9e-276	919.9	447-366
OG0005009|LLUY|Lamellibrachia_luymsi_proteins_LLU|FUN_026339-T1	PTHR12286	UNCHARACTERIZED	1.1e-125	420.4	1-337
OG0000345|LLUY|Lamellibrachia_luymsi_proteins_LLU|FUN_028032-T1	PTHR11256:SF52	SUBFAMILY NOT NAMED	3e-34	119.1	225-404
OG0000362|LLUY|Lamellibrachia_luymsi_proteins_LLU|FUN_008459-T1	PTHR34306:SF2	SUBFAMILY NOT NAMED	5.1e-05	23.2	7-66
OG0006770|LLUY|Lamellibrachia_luymsi_proteins_LLU|FUN_034850-T1	PTHR28572:SF1	COILED-COIL DOMAIN-CONTAINING PROTEIN 103	7.7e-62	209.5	2-216
OG0005748|LLUY|Lamellibrachia_luymsi_proteins_LLU|FUN_022928-T1	PTHR16199	FAMILY NOT NAMED	1.4e-262	874.9	5-1238
OG0000407|LLUY|Lamellibrachia_luymsi_proteins_LLU|FUN_021010-T1	PTHR13944	FAMILY NOT NAMED	8.5e-217	723.4	149-1250
OG0001618|LLUY|Lamellibrachia_luymsi_proteins_LLU|FUN_017019-T1	PTHR11304:SF29	EPHRIN	5e-49	167.5	5-241
OG0000644|LLUY|Lamellibrachia_luymsi_proteins_LLU|FUN_008808-T1	PTHR23138:SF96	SUBFAMILY NOT NAMED	4.6e-66	223.9	162-455
OG0010200|LLUY|Lamellibrachia_luymsi_proteins_LLU|FUN_006662-T1	PTHR28586	FAMILY NOT NAMED	5e-38	131.3	3-203
OG0009174|LLUY|Lamellibrachia_luymsi_proteins_LLU|FUN_033310-T1	PTHR33964	FAMILY NOT NAMED	1.4e-08	34.9	66-229
OG0003226|LLUY|Lamellibrachia_luymsi_proteins_LLU|FUN_011787-T1	PTHR10670	DNA POLYMERASE EPSILON CATALYTIC SUBUNIT A	0	2853.4	31-2284
OG0000058|LLUY|Lamellibrachia_luymsi_proteins_LLU|FUN_000607-T1	PTHR45645:SF20	MEMBRANE FRIZZLED-RELATED PROTEIN	1.2e-23	83.8	215-534
OG0004650|LLUY|Lamellibrachia_luymsi_proteins_LLU|FUN_031214-T1	PTHR11504	CYTOCHROME C OXIDASE POLYPEPTIDE VIA	1.5e-29	103.0	24-113
OG0000559|LLUY|Lamellibrachia_luymsi_proteins_LLU|FUN_011780-T1	PTHR10194:SF125	RAS GTPASE-ACTIVATING PROTEIN-RELATED	7.2e-285	948.4	99-1275
OG0004060|LLUY|Lamellibrachia_luymsi_proteins_LLU|FUN_016925-T1	PTHR16231:SF4	COMM DOMAIN-CONTAINING PROTEIN 4	2e-76	257.0	2-195
OG0005212|LLUY|Lamellibrachia_luymsi_proteins_LLU|FUN_017813-T1	PTHR22811:SF31	TRANSMEMBRANE EMP24 DOMAIN-CONTAINING PROTEIN 2	1.1e-49	169.8	1-158
OG0011013|LLUY|Lamellibrachia_luymsi_proteins_LLU|FUN_021766-T1	PTHR24114:SF32	SUBFAMILY NOT NAMED	1.6e-07	30.8	154-81
OG0000287|LLUY|Lamellibrachia_luymsi_proteins_LLU|FUN_005971-T1	PTHR10857:SF102	SUBFAMILY NOT NAMED	1.4e-100	337.6	7-247
OG0004158|LLUY|Lamellibrachia_luymsi_proteins_LLU|FUN_002418-T1	PTHR14519	VITAMIN K EPOXIDE REDUCTASE COMPLEX, SUBUNIT 1	4.6e-59	199.3	4-163
OG0004075|LLUY|Lamellibrachia_luymsi_proteins_LLU|FUN_018073-T1	PTHR45752:SF26	LEUCINE-RICH REPEAT PROTEIN SHOC-2	3e-158	528.1	28-463
OG0001620|LLUY|Lamellibrachia_luymsi_proteins_LLU|FUN_000945-T1	PTHR16155	FAMILY NOT NAMED	4.9e-215	717.6	180-1706
OG0000307|LLUY|Lamellibrachia_luymsi_proteins_LLU|FUN_005369-T1	PTHR23302	TRANSMEMBRANE CHANNEL-RELATED	1.1e-169	566.4	123-771
OG0000400|LLUY|Lamellibrachia_luymsi_proteins_LLU|FUN_009554-T1	PTHR10615:SF105	D4, ISOFORM A	4.8e-109	366.4	21-407
OG0000621|LLUY|Lamellibrachia_luymsi_proteins_LLU|FUN_001022-T1	PTHR37162	FAMILY NOT NAMED	2.4e-13	49.9	175-152
OG0006410|LLUY|Lamellibrachia_luymsi_proteins_LLU|FUN_032797-T1	PTHR13387	FAMILY NOT NAMED	2.8e-76	258.0	5-369
OG0001073|LLUY|Lamellibrachia_luymsi_proteins_LLU|FUN_005210-T1	PTHR15481:SF5	SQUAMOUS CELL CARCINOMA ANTIGEN RECOGNIZED BY T-CELLS 3	5.5e-105	353.2	1066-872
OG0003853|LLUY|Lamellibrachia_luymsi_proteins_LLU|FUN_026073-T1	PTHR10709:SF11	ACTIN-RELATED PROTEIN 2/3 COMPLEX SUBUNIT 1A	1.3e-165	551.2	5-371
OG0001705|LLUY|Lamellibrachia_luymsi_proteins_LLU|FUN_029145-T1	PTHR12247:SF132	POLYCOMB PROTEIN SCM	8.9e-203	676.1	4-589
OG0008724|LLUY|Lamellibrachia_luymsi_proteins_LLU|FUN_019230-T1	PTHR13869	MYELIN P0 RELATED	0.00072	19.5	66-101
OG0005291|LLUY|Lamellibrachia_luymsi_proteins_LLU|FUN_017255-T1	PTHR10656	CELL FATE DETERMINING PROTEIN MAB21-RELATED	7e-18	65.3	8-133
OG0000131|LLUY|Lamellibrachia_luymsi_proteins_LLU|FUN_000380-T1	PTHR23122:SF14	MAGUK P55 SUBFAMILY MEMBER 5	7.8e-266	884.8	297-66
OG0000081|LLUY|Lamellibrachia_luymsi_proteins_LLU|FUN_028554-T1	PTHR24012:SF686	CUGBP ELAV-LIKE FAMILY MEMBER 1	7.1e-155	517.0	28-554
OG0002253|LLUY|Lamellibrachia_luymsi_proteins_LLU|FUN_017152-T1	PTHR12879	SPHINGOLIPID DELTA 4 DESATURASE/C-4 HYDROXYLASE PROTEIN DES2	1.1e-148	495.1	2-318
OG0000148|LLUY|Lamellibrachia_luymsi_proteins_LLU|FUN_001229-T1	PTHR19871:SF28	SUBFAMILY NOT NAMED	4.6e-24	84.4	26-191
OG0000132|LLUY|Lamellibrachia_luymsi_proteins_LLU|FUN_006795-T1	PTHR10117	TRANSIENT RECEPTOR POTENTIAL CHANNEL	1.1e-24	87.0	30-185
OG0001265|LLUY|Lamellibrachia_luymsi_proteins_LLU|FUN_040244-T1	PTHR24349:SF64	MAP KINASE-ACTIVATED PROTEIN KINASE 3	7.2e-178	591.5	9-353
OG0000483|LLUY|Lamellibrachia_luymsi_proteins_LLU|FUN_000617-T1	PTHR11022	PEPTIDOGLYCAN RECOGNITION PROTEIN	1.7e-77	262.1	18-181
OG0001972|LLUY|Lamellibrachia_luymsi_proteins_LLU|FUN_004361-T2	PTHR46421	FAMILY NOT NAMED	2.4e-109	366.5	1-483
OG0004872|LLUY|Lamellibrachia_luymsi_proteins_LLU|FUN_007018-T1	PTHR12991	NITROGEN PERMEASE REGULATOR 2/TUMOR SUPPRESSOR CANDIDATE 4	9e-140	467.2	340-336
OG0000626|LLUY|Lamellibrachia_luymsi_proteins_LLU|FUN_005457-T1	PTHR14453:SF89	POLY [ADP-RIBOSE] POLYMERASE 15	7.4e-60	203.1	210-1110
OG0003162|LLUY|Lamellibrachia_luymsi_proteins_LLU|FUN_027798-T1	PTHR13937:SF0	EUKARYOTIC TRANSLATION INITIATION FACTOR 3 SUBUNIT C-RELATED	2.5e-134	449.7	1-505
OG0001453|LLUY|Lamellibrachia_luymsi_proteins_LLU|FUN_034519-T1	PTHR24139	FAMILY NOT NAMED	1.2e-239	798.4	18-818
OG0000157|LLUY|Lamellibrachia_luymsi_proteins_LLU|FUN_000001-T1	PTHR11426:SF163	SUBFAMILY NOT NAMED	4e-96	319.1	1-136
OG0001382|LLUY|Lamellibrachia_luymsi_proteins_LLU|FUN_021249-T1	PTHR23064:SF26	SUBFAMILY NOT NAMED	0	1016.0	1144-893
OG0001882|LLUY|Lamellibrachia_luymsi_proteins_LLU|FUN_005957-T1	PTHR10654:SF18	IP17195P	4.2e-179	598.2	6-1042
OG0004655|LLUY|Lamellibrachia_luymsi_proteins_LLU|FUN_012478-T1	PTHR13315:SF2	METALLOPHOSPHOESTERASE, ISOFORM E	1.8e-52	178.7	71-248
OG0000139|LLUY|Lamellibrachia_luymsi_proteins_LLU|FUN_000265-T1	PTHR13802:SF52	LP19846P	7e-113	379.0	14-268
OG0000204|LLUY|Lamellibrachia_luymsi_proteins_LLU|FUN_007976-T1	PTHR32026:SF10	METHYLTRANSFERASE-LIKE PROTEIN 24	4.5e-61	207.1	75-317
OG0002460|LLUY|Lamellibrachia_luymsi_proteins_LLU|FUN_017344-T1	PTHR44394	FAMILY NOT NAMED	7.4e-254	845.4	12-1326
OG0001169|LLUY|Lamellibrachia_luymsi_proteins_LLU|FUN_009267-T1	PTHR23147:SF89	ZGC:77262	8.5e-83	279.0	10-310
OG0001279|LLUY|Lamellibrachia_luymsi_proteins_LLU|FUN_002152-T1	PTHR24073:SF889	ZGC:100918-RELATED	2.5e-111	370.5	5-205
OG0000564|LLUY|Lamellibrachia_luymsi_proteins_LLU|FUN_016851-T1	PTHR15288:SF3	DENN DOMAIN-CONTAINING PROTEIN 2A	4.5e-112	376.5	296-1075
OG0006656|LLUY|Lamellibrachia_luymsi_proteins_LLU|FUN_025835-T1	PTHR22883:SF150	PALMITOYLTRANSFERASE ZDHHC4-RELATED	3.7e-57	194.5	23-222
OG0002100|LLUY|Lamellibrachia_luymsi_proteins_LLU|FUN_002772-T1	PTHR46165	FAMILY NOT NAMED	2.3e-172	575.6	8-676
OG0005822|LLUY|Lamellibrachia_luymsi_proteins_LLU|FUN_028431-T1	PTHR23309:SF27	SUBFAMILY NOT NAMED	1.6e-82	277.4	27-19
OG0004947|LLUY|Lamellibrachia_luymsi_proteins_LLU|FUN_028705-T1	PTHR20873	UNCHARACTERIZED	5.2e-67	226.8	3-342
OG0001271|LLUY|Lamellibrachia_luymsi_proteins_LLU|FUN_025687-T1	PTHR12460:SF17	REGULATION OF NUCLEAR PRE-MRNA DOMAIN-CONTAINING PROTEIN 2	5.2e-133	446.2	1-929
OG0007819|LLUY|Lamellibrachia_luymsi_proteins_LLU|FUN_011984-T1	PTHR22997:SF3	PROTEIN KINTOUN	3e-175	585.7	1-783
OG0013236|LLUY|Lamellibrachia_luymsi_proteins_LLU|FUN_037720-T1	PTHR12917	ASPARTYL PROTEASE DDI-RELATED	1.4e-13	51.3	50-197
OG0005453|LLUY|Lamellibrachia_luymsi_proteins_LLU|FUN_027634-T1	PTHR10352:SF18	RNA-BINDING MOTIF PROTEIN 45	4e-131	438.2	8-508
OG0001396|LLUY|Lamellibrachia_luymsi_proteins_LLU|FUN_005083-T1	PTHR12876	N4BP1-RELATED	1e-87	296.2	1037-1011
OG0000215|LLUY|Lamellibrachia_luymsi_proteins_LLU|FUN_011873-T1	PTHR10288:SF232	HETEROGENEOUS NUCLEAR RIBONUCLEOPROTEIN K	1e-104	351.3	28-465
OG0007401|LLUY|Lamellibrachia_luymsi_proteins_LLU|FUN_011355-T1	PTHR21683:SF10	SUBFAMILY NOT NAMED	2.4e-69	234.4	1-235
OG0005937|LLUY|Lamellibrachia_luymsi_proteins_LLU|FUN_027300-T1	PTHR46156	FAMILY NOT NAMED	9.9e-92	309.7	316-920
OG0001209|LLUY|Lamellibrachia_luymsi_proteins_LLU|FUN_015297-T1	PTHR30575:SF0	PEPTIDASE M20 DOMAIN-CONTAINING PROTEIN 2	8.8e-161	535.4	2-393
OG0006133|LLUY|Lamellibrachia_luymsi_proteins_LLU|FUN_013200-T1	PTHR10663:SF319	F-BOX ONLY PROTEIN 8	4.5e-117	390.8	30-280
OG0000120|LLUY|Lamellibrachia_luymsi_proteins_LLU|FUN_005776-T1	PTHR10131:SF76	TNF RECEPTOR-ASSOCIATED FACTOR 3	3.1e-150	501.7	26-541
OG0012536|LLUY|Lamellibrachia_luymsi_proteins_LLU|FUN_003267-T1	PTHR22972	SERINE/THREONINE PROTEIN KINASE	6.5e-21	75.1	1431-521
OG0000446|LLUY|Lamellibrachia_luymsi_proteins_LLU|FUN_006576-T1	PTHR10372:SF27	ADHERENS JUNCTION PROTEIN P120	8.7e-237	789.2	153-955
OG0000455|LLUY|Lamellibrachia_luymsi_proteins_LLU|FUN_012551-T1	PTHR45624:SF17	SLC (SOLUTE CARRIER) HOMOLOG	5.4e-122	406.7	1-301
OG0004464|LLUY|Lamellibrachia_luymsi_proteins_LLU|FUN_009217-T1	PTHR11909:SF7	CELL DIVISION CYCLE 7-RELATED PROTEIN KINASE	6.5e-125	418.3	15-561
OG0000032|LLUY|Lamellibrachia_luymsi_proteins_LLU|FUN_001145-T1	PTHR11829:SF142	FORKHEAD BOX Q2	2e-52	179.1	244-381
OG0002283|LLUY|Lamellibrachia_luymsi_proteins_LLU|FUN_014842-T1	PTHR15651	FAMILY NOT NAMED	8e-184	613.3	3-557
OG0000125|LLUY|Lamellibrachia_luymsi_proteins_LLU|FUN_005435-T1	PTHR24115:SF400	KINESIN-LIKE PROTEIN KIF16B	4e-94	317.2	206-480
OG0005898|LLUY|Lamellibrachia_luymsi_proteins_LLU|FUN_026681-T1	PTHR11129:SF2	GERANYLGERANYL TRANSFERASE TYPE-2 SUBUNIT ALPHA	7.1e-114	381.1	152-577
OG0004193|LLUY|Lamellibrachia_luymsi_proteins_LLU|FUN_020294-T1	PTHR12329:SF16	BAG FAMILY MOLECULAR CHAPERONE REGULATOR 1	2e-15	57.5	7-101
OG0004386|LLUY|Lamellibrachia_luymsi_proteins_LLU|FUN_020593-T1	PTHR21004	SERINE PROTEASE-RELATED	2.9e-116	390.3	30-556
OG0004997|LLUY|Lamellibrachia_luymsi_proteins_LLU|FUN_020928-T1	PTHR43503:SF4	PEROXIREDOXIN-6	8.1e-107	355.7	38-255
OG0002821|LLUY|Lamellibrachia_luymsi_proteins_LLU|FUN_015483-T1	PTHR10838	SYNAPTOGYRIN	1.1e-05	25.4	1-105
OG0000881|LLUY|Lamellibrachia_luymsi_proteins_LLU|FUN_005359-T1	PTHR11480:SF36	PROSAPOSIN	6.3e-112	375.5	165-616
OG0006661|LLUY|Lamellibrachia_luymsi_proteins_LLU|FUN_015431-T1	PTHR21519	SARCOMA ANTIGEN NY-SAR-104	2.9e-191	638.6	1-922
OG0007488|LLUY|Lamellibrachia_luymsi_proteins_LLU|FUN_034974-T1	PTHR14381:SF1	F-BOX/WD REPEAT-CONTAINING PROTEIN 4	3.1e-70	237.7	22-533
OG0005583|LLUY|Lamellibrachia_luymsi_proteins_LLU|FUN_011035-T1	PTHR32465	FAMILY NOT NAMED	3e-139	465.7	1-293
OG0009966|LLUY|Lamellibrachia_luymsi_proteins_LLU|FUN_023619-T1	PTHR46357	FAMILY NOT NAMED	4.3e-71	240.7	113-889
OG0008880|LLUY|Lamellibrachia_luymsi_proteins_LLU|FUN_030061-T1	PTHR43139:SF5	SI:DKEY-122A22.2	5.6e-37	128.1	86-393
OG0000906|LLUY|Lamellibrachia_luymsi_proteins_LLU|FUN_028955-T1	PTHR46641	FAMILY NOT NAMED	2.5e-30	106.0	32-353
OG0000493|LLUY|Lamellibrachia_luymsi_proteins_LLU|FUN_016480-T1	PTHR11923	SCAVENGER RECEPTOR CLASS B TYPE-1  SR-B1	1.9e-129	432.8	6-436
OG0001151|LLUY|Lamellibrachia_luymsi_proteins_LLU|FUN_014664-T1	PTHR23003	RNA RECOGNITION MOTIF  RRM  DOMAIN CONTAINING PROTEIN	1.9e-24	87.3	1443-1642
OG0002541|LLUY|Lamellibrachia_luymsi_proteins_LLU|FUN_036640-T1	PTHR10794:SF60	PROTEIN ABHD1	7.8e-124	413.9	47-398
OG0000903|LLUY|Lamellibrachia_luymsi_proteins_LLU|FUN_002132-T1	PTHR43108:SF9	N-ACETYLGLUCOSAMINE-6-SULFATASE	6.6e-221	734.9	7-503
OG0002728|LLUY|Lamellibrachia_luymsi_proteins_LLU|FUN_008567-T1	PTHR22957:SF255	TBC1 DOMAIN FAMILY MEMBER 22A	1.1e-165	552.6	10-506
OG0001275|LLUY|Lamellibrachia_luymsi_proteins_LLU|FUN_002442-T2	PTHR47167:SF4	SUBFAMILY NOT NAMED	0	1070.5	1-895
OG0001240|LLUY|Lamellibrachia_luymsi_proteins_LLU|FUN_021725-T1	PTHR45792:SF2	SN1-SPECIFIC DIACYLGLYCEROL LIPASE BETA	9.2e-216	718.8	1-702
OG0000044|LLUY|Lamellibrachia_luymsi_proteins_LLU|FUN_000466-T1	PTHR11640:SF80	NEPHRIN	7.5e-07	28.2	52-147
OG0000082|LLUY|Lamellibrachia_luymsi_proteins_LLU|FUN_006363-T1	PTHR24261:SF7	SUBFAMILY NOT NAMED	9.1e-23	81.0	21-127
OG0001014|LLUY|Lamellibrachia_luymsi_proteins_LLU|FUN_030026-T1	PTHR14164	PERICENTRIOLAR MATERIAL 1-RELATED	7.1e-148	495.1	57-1954
OG0000607|LLUY|Lamellibrachia_luymsi_proteins_LLU|FUN_033508-T1	PTHR24012:SF702	RNA-BINDING MOTIF, SINGLE-STRANDED-INTERACTING PROTEIN 1	1.3e-91	307.9	30-335
OG0003343|LLUY|Lamellibrachia_luymsi_proteins_LLU|FUN_038146-T1	PTHR14374	FOIE GRAS	1.5e-89	301.6	6-221
OG0000474|LLUY|Lamellibrachia_luymsi_proteins_LLU|FUN_001013-T1	PTHR21113:SF6	SUBFAMILY NOT NAMED	9e-29	101.1	13-120
OG0000724|LLUY|Lamellibrachia_luymsi_proteins_LLU|FUN_000103-T1	PTHR19964:SF10	MULTIPLE PDZ DOMAIN PROTEIN	0	1142.5	1053-970
OG0002115|LLUY|Lamellibrachia_luymsi_proteins_LLU|FUN_038338-T1	PTHR11063:SF16	SUBFAMILY NOT NAMED	3.4e-227	756.4	62-776
OG0009251|LLUY|Lamellibrachia_luymsi_proteins_LLU|FUN_031974-T1	PTHR41142	FAMILY NOT NAMED	3.4e-40	138.7	3-230
OG0004817|LLUY|Lamellibrachia_luymsi_proteins_LLU|FUN_008739-T1	PTHR11353:SF183	T-COMPLEX PROTEIN 1 SUBUNIT ETA	3.7e-302	1002.8	1-533
OG0010249|LLUY|Lamellibrachia_luymsi_proteins_LLU|FUN_020420-T1	PTHR24203	FAMILY NOT NAMED	2.8e-21	77.2	8-131
OG0001799|LLUY|Lamellibrachia_luymsi_proteins_LLU|FUN_023257-T1	PTHR12192:SF15	GLUTATHIONE-SPECIFIC GAMMA-GLUTAMYLCYCLOTRANSFERASE 1	5.1e-37	127.8	29-159
OG0003436|LLUY|Lamellibrachia_luymsi_proteins_LLU|FUN_026013-T1	PTHR42690:SF1	THREONINE SYNTHASE-LIKE 2	9.1e-182	605.5	1-466
OG0000137|LLUY|Lamellibrachia_luymsi_proteins_LLU|FUN_002624-T1	PTHR10656:SF69	SUBFAMILY NOT NAMED	1.1e-45	157.3	201-390
OG0000827|LLUY|Lamellibrachia_luymsi_proteins_LLU|FUN_002795-T1	PTHR45739:SF6	SUBFAMILY NOT NAMED	5.2e-259	862.9	8-815
OG0000379|LLUY|Lamellibrachia_luymsi_proteins_LLU|FUN_029965-T1	PTHR10910:SF58	DOUBLE-STRANDED RNA-SPECIFIC EDITASE 1	1.8e-242	807.6	34-745
OG0003646|LLUY|Lamellibrachia_luymsi_proteins_LLU|FUN_040046-T1	PTHR10256:SF1	SELENIDE, WATER DIKINASE 2	9e-188	624.7	1-308
OG0007415|LLUY|Lamellibrachia_luymsi_proteins_LLU|FUN_029399-T1	PTHR11545:SF2	39S RIBOSOMAL PROTEIN L13, MITOCHONDRIAL	4.3e-41	140.3	4-147
OG0000325|LLUY|Lamellibrachia_luymsi_proteins_LLU|FUN_001642-T1	PTHR23023:SF84	DIMETHYLANILINE MONOOXYGENASE [N-OXIDE-FORMING] 2	3.1e-70	237.7	5-231
OG0001739|LLUY|Lamellibrachia_luymsi_proteins_LLU|FUN_040862-T1	PTHR24072:SF124	MITOCHONDRIAL RHO GTPASE 1	2.8e-268	891.6	1-581
OG0001467|LLUY|Lamellibrachia_luymsi_proteins_LLU|FUN_009076-T1	PTHR45954	FAMILY NOT NAMED	1.9e-262	873.1	2-593
OG0005316|LLUY|Lamellibrachia_luymsi_proteins_LLU|FUN_026375-T1	PTHR21432:SF20	ACETYL-COA REGULATOR	3.2e-230	765.2	26-476
OG0000037|LLUY|Lamellibrachia_luymsi_proteins_LLU|FUN_000294-T1	PTHR47160	FAMILY NOT NAMED	8.2e-20	71.5	8-97
OG0001774|LLUY|Lamellibrachia_luymsi_proteins_LLU|FUN_000269-T1	PTHR11685:SF221	E3 UBIQUITIN-PROTEIN LIGASE RNF14	4.3e-101	339.7	48-495
OG0000170|LLUY|Lamellibrachia_luymsi_proteins_LLU|FUN_015611-T1	PTHR45774:SF5	BTB/POZ DOMAIN-CONTAINING PROTEIN 6	5e-224	744.8	17-473
OG0006665|LLUY|Lamellibrachia_luymsi_proteins_LLU|FUN_014517-T1	PTHR16356	FAMILY NOT NAMED	4.2e-94	316.4	3-463
OG0002311|LLUY|Lamellibrachia_luymsi_proteins_LLU|FUN_038302-T1	PTHR45668:SF3	SERINE/THREONINE-PROTEIN PHOSPHATASE RDGC	3.9e-44	151.6	32-196
OG0007394|LLUY|Lamellibrachia_luymsi_proteins_LLU|FUN_011814-T1	PTHR35081	FAMILY NOT NAMED	1.8e-117	393.5	8-419
OG0000776|LLUY|Lamellibrachia_luymsi_proteins_LLU|FUN_003363-T1	PTHR23044:SF52	ERI1 EXORIBONUCLEASE 3	1.1e-109	367.5	29-244
OG0003232|LLUY|Lamellibrachia_luymsi_proteins_LLU|FUN_037310-T1	PTHR24055:SF194	SERINE/THREONINE-PROTEIN KINASE MAK	2.1e-189	632.1	1-341
OG0003665|LLUY|Lamellibrachia_luymsi_proteins_LLU|FUN_030904-T1	PTHR37476	FAMILY NOT NAMED	1.5e-22	79.5	55-214
OG0000463|LLUY|Lamellibrachia_luymsi_proteins_LLU|FUN_014396-T1	PTHR24215:SF28	MUSCLE LIM PROTEIN 1-RELATED	1.8e-62	210.8	132-113
OG0002979|LLUY|Lamellibrachia_luymsi_proteins_LLU|FUN_030233-T1	PTHR45994:SF1	FI21225P1	0	1104.6	2-932
OG0000746|LLUY|Lamellibrachia_luymsi_proteins_LLU|FUN_010983-T1	PTHR43829:SF22	AQUAPORIN OR AQUAGLYCEROPORIN RELATED	6.9e-66	222.7	17-296
OG0000529|LLUY|Lamellibrachia_luymsi_proteins_LLU|FUN_000805-T1	PTHR22600:SF38	BETA-HEXOSAMINIDASE SUBUNIT BETA	1.2e-109	367.8	129-129
OG0002536|LLUY|Lamellibrachia_luymsi_proteins_LLU|FUN_021841-T1	PTHR22960:SF22	MOLYBDENUM COFACTOR BIOSYNTHESIS PROTEIN 1	2.3e-166	555.0	18-360
OG0003850|LLUY|Lamellibrachia_luymsi_proteins_LLU|FUN_004160-T1	PTHR13085	MICROSOMAL SIGNAL PEPTIDASE 25 KDA SUBUNIT	2.2e-31	109.3	1-101
OG0000015|LLUY|Lamellibrachia_luymsi_proteins_LLU|FUN_014194-T1	PTHR19331	LYSYL OXIDASE-RELATED	5.2e-180	594.9	142-509
OG0001853|LLUY|Lamellibrachia_luymsi_proteins_LLU|FUN_018439-T1	PTHR46097	FAMILY NOT NAMED	2.9e-275	916.0	1-751
OG0002745|LLUY|Lamellibrachia_luymsi_proteins_LLU|FUN_032365-T1	PTHR23329:SF1	TUFTELIN-INTERACTING PROTEIN 11	2.3e-274	913.0	1-814
OG0000322|LLUY|Lamellibrachia_luymsi_proteins_LLU|FUN_003196-T1	PTHR47341	FAMILY NOT NAMED	1.8e-46	159.9	9-199
OG0001103|LLUY|Lamellibrachia_luymsi_proteins_LLU|FUN_015651-T1	PTHR24173:SF42	FI19351P1	7e-174	580.2	40-652
OG0004707|LLUY|Lamellibrachia_luymsi_proteins_LLU|FUN_033351-T1	PTHR10799:SF845	SWI/SNF-RELATED MATRIX-ASSOCIATED ACTIN-DEPENDENT REGULATOR OF CHROMATIN SUBFAMILY A CONTAINING DEAD/H BOX 1	1.8e-251	837.8	189-1017
OG0007232|LLUY|Lamellibrachia_luymsi_proteins_LLU|FUN_038815-T1	PTHR46584	FAMILY NOT NAMED	4.6e-49	168.5	244-530
OG0001552|LLUY|Lamellibrachia_luymsi_proteins_LLU|FUN_001856-T1	PTHR22922:SF5	CAPRIN-2	3.3e-47	162.0	252-590
OG0000244|LLUY|Lamellibrachia_luymsi_proteins_LLU|FUN_003816-T1	PTHR45627:SF1	ADENYLATE CYCLASE TYPE 8	1.7e-225	752.0	542-559
OG0001747|LLUY|Lamellibrachia_luymsi_proteins_LLU|FUN_014448-T1	PTHR12185	FAMILY NOT NAMED	1.8e-125	420.2	62-561
OG0002030|LLUY|Lamellibrachia_luymsi_proteins_LLU|FUN_010713-T1	PTHR10969:SF39	AUTOPHAGY-RELATED PROTEIN 8E-RELATED	2.4e-49	166.7	2-116
OG0005301|LLUY|Lamellibrachia_luymsi_proteins_LLU|FUN_001128-T1	PTHR18934:SF100	ATP-DEPENDENT RNA HELICASE YTHDC2-RELATED	1.4e-211	705.4	5-559
OG0002725|LLUY|Lamellibrachia_luymsi_proteins_LLU|FUN_006689-T1	PTHR10969:SF41	MICROTUBULE-ASSOCIATED PROTEINS 1A/1B LIGHT CHAIN 3C	2.8e-68	228.1	6-125
OG0000261|LLUY|Lamellibrachia_luymsi_proteins_LLU|FUN_018038-T1	PTHR23248:SF56	PHOSPHOLIPID SCRAMBLASE	9.7e-19	67.9	1-89
OG0000106|LLUY|Lamellibrachia_luymsi_proteins_LLU|FUN_028096-T1	PTHR24291:SF125	SUBFAMILY NOT NAMED	9.1e-184	612.1	34-515
OG0000453|LLUY|Lamellibrachia_luymsi_proteins_LLU|FUN_015091-T1	PTHR11886:SF62	DYNEIN, LIGHT CHAIN, LC8-TYPE 1	8.3e-58	193.0	1-89
OG0000853|LLUY|Lamellibrachia_luymsi_proteins_LLU|FUN_006165-T1	PTHR10663:SF342	FI21420P1	1e-222	742.1	226-853
OG0008779|LLUY|Lamellibrachia_luymsi_proteins_LLU|FUN_007019-T1	PTHR13318:SF43	F-BOX AND LEUCINE-RICH REPEAT PROTEIN 14A-RELATED	1.5e-193	643.6	12-401
OG0001318|LLUY|Lamellibrachia_luymsi_proteins_LLU|FUN_009866-T1	PTHR13402:SF13	PROTEIN TRANSPORT PROTEIN SEC16A	3.1e-209	698.7	2-1247
OG0003090|LLUY|Lamellibrachia_luymsi_proteins_LLU|FUN_015373-T1	PTHR46583	FAMILY NOT NAMED	2e-17	62.8	22-133
OG0000274|LLUY|Lamellibrachia_luymsi_proteins_LLU|FUN_009514-T1	PTHR24072:SF169	RAS-RELATED C3 BOTULINUM TOXIN SUBSTRATE 2	6.7e-92	306.8	6-193
OG0002387|LLUY|Lamellibrachia_luymsi_proteins_LLU|FUN_010674-T1	PTHR20854:SF40	INOSITOL(MYO)-1(OR 4)-MONOPHOSPHATASE 1	2e-106	355.8	18-280
OG0008077|LLUY|Lamellibrachia_luymsi_proteins_LLU|FUN_021910-T1	PTHR15909	39S RIBOSOMAL PROTEIN L35, MITOCHONDRIAL	8.4e-43	147.1	26-165
OG0000029|LLUY|Lamellibrachia_luymsi_proteins_LLU|FUN_001239-T1	PTHR24329	FAMILY NOT NAMED	9.4e-51	174.2	44-491
OG0002094|LLUY|Lamellibrachia_luymsi_proteins_LLU|FUN_040474-T1	PTHR12241:SF39	TUBULIN POLYGLUTAMYLASE TTLL9-RELATED	3.4e-199	662.3	13-388
OG0002083|LLUY|Lamellibrachia_luymsi_proteins_LLU|FUN_017864-T1	PTHR11037:SF14	PROTEIN GRAINYHEAD	2.3e-154	515.4	622-1314
OG0002012|LLUY|Lamellibrachia_luymsi_proteins_LLU|FUN_020691-T1	PTHR12726	CERAMIDE GLUCOSYLTRANSFERASE	3.2e-89	300.0	12-273
OG0005312|LLUY|Lamellibrachia_luymsi_proteins_LLU|FUN_036497-T1	PTHR14418	CONDENSIN COMPLEX SUBUNIT 3-RELATED	5.2e-229	763.5	340-324
OG0002863|LLUY|Lamellibrachia_luymsi_proteins_LLU|FUN_039081-T1	PTHR21937	UNCHARACTERIZED	4.2e-36	124.8	6-536
OG0000425|LLUY|Lamellibrachia_luymsi_proteins_LLU|FUN_014053-T3	PTHR13008	MAP-KINASE ACTIVATING DEATH DOMAIN PROTEIN  MADD /DENN/AEX-3 C.ELEGANS	0	2065.6	2-1723
OG0003318|LLUY|Lamellibrachia_luymsi_proteins_LLU|FUN_026666-T1	PTHR23081:SF0	RNA POLYMERASE II SUBUNIT A C-TERMINAL DOMAIN PHOSPHATASE	1.7e-142	476.8	13-894
OG0003602|LLUY|Lamellibrachia_luymsi_proteins_LLU|FUN_004389-T1	PTHR14543	FAMILY NOT NAMED	7.4e-54	184.0	12-364
OG0000135|LLUY|Lamellibrachia_luymsi_proteins_LLU|FUN_022212-T1	PTHR11475:SF54	SUBFAMILY NOT NAMED	0	1223.6	142-1341
OG0004699|LLUY|Lamellibrachia_luymsi_proteins_LLU|FUN_006507-T1	PTHR46788	FAMILY NOT NAMED	0	1342.1	45-1178
OG0004953|LLUY|Lamellibrachia_luymsi_proteins_LLU|FUN_006098-T1	PTHR11202:SF3	SPROUTY-RELATED PROTEIN WITH EVH-1 DOMAIN, ISOFORM C	1e-137	460.7	103-546
OG0003472|LLUY|Lamellibrachia_luymsi_proteins_LLU|FUN_030558-T1	PTHR24073:SF128	RAB-LIKE PROTEIN 3	3.1e-72	244.1	6-211
OG0000980|LLUY|Lamellibrachia_luymsi_proteins_LLU|FUN_011481-T1	PTHR10529:SF257	AP-1 COMPLEX SUBUNIT MU-1	1.5e-258	857.7	1-422
OG0014322|LLUY|Lamellibrachia_luymsi_proteins_LLU|FUN_015575-T1	PTHR14208	BASIC LEUCINE ZIPPER AND W2 DOMAIN-CONTAINING PROTEIN	5.3e-06	26.2	32-63
OG0016904|LLUY|Lamellibrachia_luymsi_proteins_LLU|FUN_003005-T1	PTHR11505:SF197	SUBFAMILY NOT NAMED	1.2e-09	38.7	52-167
OG0002968|LLUY|Lamellibrachia_luymsi_proteins_LLU|FUN_008053-T1	PTHR12675:SF6	ZINC FINGER CCCH DOMAIN-CONTAINING PROTEIN 10	2.3e-101	340.8	21-440
OG0002251|LLUY|Lamellibrachia_luymsi_proteins_LLU|FUN_015442-T1	PTHR11476:SF8	HISTIDINE--TRNA LIGASE, CYTOPLASMIC	2.6e-241	802.0	49-522
OG0006277|LLUY|Lamellibrachia_luymsi_proteins_LLU|FUN_036468-T1	PTHR12653	NADH-UBIQUINONE OXIDOREDUCTASE 13 KD-B SUBUNIT	4.7e-44	149.9	15-134
OG0000735|LLUY|Lamellibrachia_luymsi_proteins_LLU|FUN_033302-T1	PTHR22984:SF22	SERINE/THREONINE-PROTEIN KINASE PIM-3	3.8e-133	444.6	130-413
OG0000238|LLUY|Lamellibrachia_luymsi_proteins_LLU|FUN_000642-T1	PTHR12546:SF32	OTOFERLIN	0	1345.7	1082-833
OG0007039|LLUY|Lamellibrachia_luymsi_proteins_LLU|FUN_006641-T1	PTHR11510	MYO-INOSITOL-1 PHOSPHATE SYNTHASE	3.9e-268	890.8	2-504
OG0001123|LLUY|Lamellibrachia_luymsi_proteins_LLU|FUN_025646-T1	PTHR10398	AFADIN	0	1616.8	2099-242
OG0008101|LLUY|Lamellibrachia_luymsi_proteins_LLU|FUN_005409-T1	PTHR10671	EPITHELIAL MEMBRANE PROTEIN-RELATED	2.4e-05	24.6	12-97
OG0004870|LLUY|Lamellibrachia_luymsi_proteins_LLU|FUN_028494-T1	PTHR19384:SF84	METHIONINE SYNTHASE REDUCTASE	2.1e-211	704.3	429-1187
OG0002289|LLUY|Lamellibrachia_luymsi_proteins_LLU|FUN_021866-T1	PTHR22903:SF8	MAX-1A	0	1099.3	178-1301
OG0000948|LLUY|Lamellibrachia_luymsi_proteins_LLU|FUN_002352-T1	PTHR10288:SF234	FAR UPSTREAM ELEMENT-BINDING PROTEIN 3	7.2e-141	471.1	113-666
OG0003241|LLUY|Lamellibrachia_luymsi_proteins_LLU|FUN_016856-T1	PTHR22603:SF71	CHOLINE KINASE A	9.3e-131	436.7	9-329
OG0002932|LLUY|Lamellibrachia_luymsi_proteins_LLU|FUN_036021-T2	PTHR14309:SF11	SUBFAMILY NOT NAMED	4.6e-34	118.6	2-166
OG0004926|LLUY|Lamellibrachia_luymsi_proteins_LLU|FUN_008757-T1	PTHR23041	RING FINGER DOMAIN-CONTAINING	4.5e-20	73.1	109-63
OG0005260|LLUY|Lamellibrachia_luymsi_proteins_LLU|FUN_009783-T1	PTHR11761:SF8	60S RIBOSOMAL PROTEIN L23	3.6e-76	254.1	1-139
OG0001911|LLUY|Lamellibrachia_luymsi_proteins_LLU|FUN_015615-T1	PTHR28664	FAMILY NOT NAMED	2.3e-64	219.2	36-309
OG0003086|LLUY|Lamellibrachia_luymsi_proteins_LLU|FUN_011795-T1	PTHR46064	FAMILY NOT NAMED	2.7e-134	448.3	1-398
OG0006276|LLUY|Lamellibrachia_luymsi_proteins_LLU|FUN_033791-T1	PTHR46802	FAMILY NOT NAMED	3.2e-259	863.6	1291-1290
OG0000190|LLUY|Lamellibrachia_luymsi_proteins_LLU|FUN_001545-T1	PTHR19303:SF15	SI:RP71-1D10.8	8.1e-05	22.1	11-47
OG0001009|LLUY|Lamellibrachia_luymsi_proteins_LLU|FUN_000263-T1	PTHR11042	EUKARYOTIC TRANSLATION INITIATION FACTOR 2-ALPHA KINASE  EIF2-ALPHA KINASE -RELATED	2.2e-17	63.9	181-435
OG0002523|LLUY|Lamellibrachia_luymsi_proteins_LLU|FUN_005714-T1	PTHR12019	LAMINA-ASSOCIATED POLYPEPTIDE  THYMOPOIETIN	3e-33	116.3	2-290
OG0008155|LLUY|Lamellibrachia_luymsi_proteins_LLU|FUN_010956-T1	PTHR10527:SF32	SUBFAMILY NOT NAMED	6.6e-240	798.4	13-700
OG0000933|LLUY|Lamellibrachia_luymsi_proteins_LLU|FUN_001782-T1	PTHR13743:SF64	LIPOPOLYSACCHARIDE-RESPONSIVE AND BEIGE-LIKE ANCHOR PROTEIN-RELATED	0	1694.7	1175-974
OG0004825|LLUY|Lamellibrachia_luymsi_proteins_LLU|FUN_020807-T1	PTHR14435	FAMILY NOT NAMED	2.9e-83	280.9	672-1595
OG0000075|LLUY|Lamellibrachia_luymsi_proteins_LLU|FUN_001672-T1	PTHR18952:SF141	CARBONIC ANHYDRASE-RELATED	1.2e-91	307.3	2-257
OG0005390|LLUY|Lamellibrachia_luymsi_proteins_LLU|FUN_014661-T1	PTHR11127	60S RIBOSOMAL PROTEIN L14	3.1e-60	202.6	1-135
OG0000472|LLUY|Lamellibrachia_luymsi_proteins_LLU|FUN_002449-T1	PTHR11532:SF73	CARBOXYPEPTIDASE D	2.7e-93	314.3	22-211
OG0005333|LLUY|Lamellibrachia_luymsi_proteins_LLU|FUN_022129-T1	PTHR11259:SF7	RAS-RELATED GTP-BINDING PROTEIN A	2.3e-185	615.6	1-299
OG0001277|LLUY|Lamellibrachia_luymsi_proteins_LLU|FUN_038826-T1	PTHR10766:SF95	TRANSMEMBRANE 9 SUPERFAMILY MEMBER 4	5.3e-211	702.9	366-369
OG0000641|LLUY|Lamellibrachia_luymsi_proteins_LLU|FUN_024368-T1	PTHR11243	GROWTH FACTOR RECEPTOR-BOUND PROTEIN	8.8e-143	477.8	104-679
OG0002826|LLUY|Lamellibrachia_luymsi_proteins_LLU|FUN_012252-T1	PTHR22443:SF18	NON-SPECIFIC LETHAL 1, ISOFORM M	3.5e-160	535.5	15-1329
OG0008439|LLUY|Lamellibrachia_luymsi_proteins_LLU|FUN_003828-T1	PTHR12224:SF0	BETA-1,4-MANNOSYL-GLYCOPROTEIN 4-BETA-N-ACETYLGLUCOSAMINYLTRANSFERASE	1.5e-97	328.0	147-526
OG0000182|LLUY|Lamellibrachia_luymsi_proteins_LLU|FUN_002474-T1	PTHR33480	FAMILY NOT NAMED	2.9e-10	39.4	38-91
OG0000356|LLUY|Lamellibrachia_luymsi_proteins_LLU|FUN_012442-T1	PTHR11767:SF102	INWARDLY RECTIFYING POTASSIUM CHANNEL 1, ISOFORM F-RELATED	7.8e-163	542.0	61-435
OG0006600|LLUY|Lamellibrachia_luymsi_proteins_LLU|FUN_012670-T1	PTHR23231	FAMILY NOT NAMED	2e-185	617.7	11-474
OG0005599|LLUY|Lamellibrachia_luymsi_proteins_LLU|FUN_025447-T1	PTHR11353:SF78	T-COMPLEX PROTEIN 1 SUBUNIT THETA	1.4e-264	879.1	3-545
OG0002370|LLUY|Lamellibrachia_luymsi_proteins_LLU|FUN_039725-T1	PTHR23092:SF24	NON-CANONICAL POLY(A) RNA POLYMERASE PAPD7	1.8e-210	701.9	1-541
OG0004419|LLUY|Lamellibrachia_luymsi_proteins_LLU|FUN_030879-T1	PTHR12963:SF0	ACTIVATING SIGNAL COINTEGRATOR 1	7.7e-167	556.9	1-554
OG0003717|LLUY|Lamellibrachia_luymsi_proteins_LLU|FUN_039741-T1	PTHR13016:SF2	AMME SYNDROME CANDIDATE GENE 1 PROTEIN	7.9e-111	371.2	11-238
OG0001743|LLUY|Lamellibrachia_luymsi_proteins_LLU|FUN_001688-T1	PTHR13832:SF567	ALPHABET, ISOFORM E	9.7e-152	505.9	2-329
OG0008401|LLUY|Lamellibrachia_luymsi_proteins_LLU|FUN_026617-T1	PTHR28359	FAMILY NOT NAMED	5.9e-11	43.3	1-189
OG0001372|LLUY|Lamellibrachia_luymsi_proteins_LLU|FUN_026037-T1	PTHR11592:SF88	GLUTATHIONE PEROXIDASE-RELATED	3.2e-51	174.1	33-204
OG0006400|LLUY|Lamellibrachia_luymsi_proteins_LLU|FUN_020576-T1	PTHR13513:SF11	UBIQUITIN PROTEIN LIGASE E3 COMPONENT N-RECOGNIN 7	2.7e-128	428.8	14-398
OG0005303|LLUY|Lamellibrachia_luymsi_proteins_LLU|FUN_033412-T1	PTHR16140	UNCHARACTERIZED	7.1e-77	259.5	3-280
OG0009941|LLUY|Lamellibrachia_luymsi_proteins_LLU|FUN_000122-T1	PTHR21268	UNCHARACTERIZED	4.4e-23	81.9	31-109
OG0004296|LLUY|Lamellibrachia_luymsi_proteins_LLU|FUN_001492-T1	PTHR10984:SF30	ENDOPLASMIC RETICULUM-GOLGI INTERMEDIATE COMPARTMENT PROTEIN 2	6.6e-128	427.6	8-358
OG0001554|LLUY|Lamellibrachia_luymsi_proteins_LLU|FUN_029350-T1	PTHR10288:SF93	INSULIN-LIKE GROWTH FACTOR 2 MRNA-BINDING PROTEIN 2	1.6e-173	578.6	79-562
OG0000359|LLUY|Lamellibrachia_luymsi_proteins_LLU|FUN_010678-T1	PTHR11034:SF19	GH09802P	1.6e-122	408.7	6-351
OG0000344|LLUY|Lamellibrachia_luymsi_proteins_LLU|FUN_008777-T1	PTHR10404:SF36	GLUTAMATE CARBOXYPEPTIDASE 2-RELATED	8.2e-166	553.8	28-582
OG0000043|LLUY|Lamellibrachia_luymsi_proteins_LLU|FUN_001463-T1	PTHR19325	COMPLEMENT COMPONENT-RELATED SUSHI DOMAIN-CONTAINING	5.4e-156	519.9	129-878
OG0001280|LLUY|Lamellibrachia_luymsi_proteins_LLU|FUN_017153-T1	PTHR14003:SF9	TRANSCRIPTION FACTOR YY2	7e-110	367.9	10-351
OG0000538|LLUY|Lamellibrachia_luymsi_proteins_LLU|FUN_015660-T1	PTHR23042:SF6	ARYL HYDROCARBON RECEPTOR NUCLEAR TRANSLOCATOR 2	4.7e-50	171.2	2-329
OG0008985|LLUY|Lamellibrachia_luymsi_proteins_LLU|FUN_024259-T1	PTHR28654	FAMILY NOT NAMED	7.5e-49	167.4	2-105
OG0009708|LLUY|Lamellibrachia_luymsi_proteins_LLU|FUN_007691-T1	PTHR31800	FAMILY NOT NAMED	8.2e-22	78.2	4-120
OG0001716|LLUY|Lamellibrachia_luymsi_proteins_LLU|FUN_021267-T1	PTHR43888:SF9	DNAJ HOMOLOG SUBFAMILY A MEMBER 4	5.3e-188	625.1	1-400
OG0004861|LLUY|Lamellibrachia_luymsi_proteins_LLU|FUN_014272-T1	PTHR10335:SF4	RRNA 2'-O-METHYLTRANSFERASE FIBRILLARIN	2.9e-152	506.8	55-362
OG0002839|LLUY|Lamellibrachia_luymsi_proteins_LLU|FUN_013172-T1	PTHR21222	UNCHARACTERIZED	2.4e-17	61.8	18-129
OG0000226|LLUY|Lamellibrachia_luymsi_proteins_LLU|FUN_025863-T1	PTHR11505:SF197	SUBFAMILY NOT NAMED	1.1e-07	32.2	6-61
OG0001132|LLUY|Lamellibrachia_luymsi_proteins_LLU|FUN_014147-T1	PTHR33748	FAMILY NOT NAMED	8e-24	84.6	3-118
OG0000850|LLUY|Lamellibrachia_luymsi_proteins_LLU|FUN_035978-T1	PTHR23065:SF15	AT02057P	2e-212	707.9	7-803
OG0000492|LLUY|Lamellibrachia_luymsi_proteins_LLU|FUN_006658-T1	PTHR45867:SF3	ACID PHOSPHATASE TYPE 7	1.3e-125	420.2	10-382
OG0008706|LLUY|Lamellibrachia_luymsi_proteins_LLU|FUN_014959-T1	PTHR31968	FAMILY NOT NAMED	5e-24	85.7	6-247
OG0000877|LLUY|Lamellibrachia_luymsi_proteins_LLU|FUN_021443-T1	PTHR23147:SF87	SUBFAMILY NOT NAMED	2.6e-39	135.9	5-179
OG0008130|LLUY|Lamellibrachia_luymsi_proteins_LLU|FUN_039332-T1	PTHR24410:SF19	SUBFAMILY NOT NAMED	1.7e-46	159.5	35-365
OG0000046|LLUY|Lamellibrachia_luymsi_proteins_LLU|FUN_004464-T1	PTHR33395:SF7	SUBFAMILY NOT NAMED	0.00031	19.7	17-106
OG0003224|LLUY|Lamellibrachia_luymsi_proteins_LLU|FUN_006571-T1	PTHR46098	FAMILY NOT NAMED	9.8e-124	413.6	11-458
OG0001022|LLUY|Lamellibrachia_luymsi_proteins_LLU|FUN_019246-T1	PTHR11306:SF30	EPIDIDYMAL SECRETORY PROTEIN E1	6.5e-39	134.0	43-177
OG0003750|LLUY|Lamellibrachia_luymsi_proteins_LLU|FUN_035840-T1	PTHR28601	FAMILY NOT NAMED	7.7e-70	236.5	11-382
OG0000077|LLUY|Lamellibrachia_luymsi_proteins_LLU|FUN_000517-T1	PTHR14453:SF53	POLY [ADP-RIBOSE] POLYMERASE 10	1.9e-24	86.6	10-224
OG0010970|LLUY|Lamellibrachia_luymsi_proteins_LLU|FUN_008232-T1	PTHR20844	MEDIATOR OF RNA POLYMERASE II TRANSCRIPTION, SUBUNIT 9	1.1e-25	90.5	2-83
OG0005975|LLUY|Lamellibrachia_luymsi_proteins_LLU|FUN_034566-T1	PTHR14068	EUKARYOTIC TRANSLATION INITIATION FACTOR 3  EIF3 -RELATED	5.2e-303	1006.9	23-699
OG0002146|LLUY|Lamellibrachia_luymsi_proteins_LLU|FUN_027776-T1	PTHR21502:SF4	RILP-LIKE PROTEIN HOMOLOG	2.8e-71	241.3	3-385
OG0010464|LLUY|Lamellibrachia_luymsi_proteins_LLU|FUN_007352-T1	PTHR24064:SF465	CARCININE TRANSPORTER	5.2e-26	91.4	3-128
OG0001501|LLUY|Lamellibrachia_luymsi_proteins_LLU|FUN_038624-T1	PTHR23310:SF72	ENOYL-COA DELTA ISOMERASE 2, MITOCHONDRIAL	1.6e-129	432.7	26-391
OG0001330|LLUY|Lamellibrachia_luymsi_proteins_LLU|FUN_024744-T1	PTHR23335	CALMODULIN-BINDING TRANSCRIPTION ACTIVATOR  CAMTA	1.2e-153	514.2	13-1410
OG0000198|LLUY|Lamellibrachia_luymsi_proteins_LLU|FUN_027476-T1	PTHR19846	WD40 REPEAT PROTEIN	9.9e-30	104.2	278-392
OG0000485|LLUY|Lamellibrachia_luymsi_proteins_LLU|FUN_017323-T1	PTHR10166:SF37	VOLTAGE-DEPENDENT CALCIUM CHANNEL SUBUNIT ALPHA-2/DELTA-4	1e-19	71.0	12-106
OG0003958|LLUY|Lamellibrachia_luymsi_proteins_LLU|FUN_038660-T1	PTHR16055	UNCHARACTERIZED	2e-76	258.6	23-598
OG0000233|LLUY|Lamellibrachia_luymsi_proteins_LLU|FUN_003064-T1	PTHR12191	SOLUTE CARRIER FAMILY 39	1.4e-142	477.2	106-81
OG0004677|LLUY|Lamellibrachia_luymsi_proteins_LLU|FUN_039293-T1	PTHR12693	FAMILY NOT NAMED	1e-230	767.5	4-783
OG0003505|LLUY|Lamellibrachia_luymsi_proteins_LLU|FUN_003331-T1	PTHR14758	FAMILY NOT NAMED	1.6e-38	133.8	19-344
OG0001619|LLUY|Lamellibrachia_luymsi_proteins_LLU|FUN_001024-T1	PTHR33309:SF7	SUBFAMILY NOT NAMED	3.2e-11	43.3	9-114
OG0004489|LLUY|Lamellibrachia_luymsi_proteins_LLU|FUN_028675-T1	PTHR20981	60S RIBOSOMAL PROTEIN L21	1.5e-77	259.1	1-160
OG0001243|LLUY|Lamellibrachia_luymsi_proteins_LLU|FUN_026832-T1	PTHR22975:SF5	INACTIVE UBIQUITIN CARBOXYL-TERMINAL HYDROLASE 54	9.1e-166	554.5	31-992
OG0005015|LLUY|Lamellibrachia_luymsi_proteins_LLU|FUN_021078-T1	PTHR15346	DYNACTIN SUBUNIT	4e-112	375.8	1-408
OG0007769|LLUY|Lamellibrachia_luymsi_proteins_LLU|FUN_015972-T1	PTHR11662:SF406	GH23975P	1.3e-39	136.5	3-126
OG0004294|LLUY|Lamellibrachia_luymsi_proteins_LLU|FUN_013653-T1	PTHR10188:SF6	N(4)-(BETA-N-ACETYLGLUCOSAMINYL)-L-ASPARAGINASE	4.2e-106	355.2	19-269
OG0002271|LLUY|Lamellibrachia_luymsi_proteins_LLU|FUN_032193-T1	PTHR22855:SF13	METHYLCROTONOYL-COA CARBOXYLASE BETA CHAIN, MITOCHONDRIAL	5.2e-284	943.4	3-536
OG0011245|LLUY|Lamellibrachia_luymsi_proteins_LLU|FUN_013082-T1	PTHR15505:SF1	BMP AND ACTIVIN MEMBRANE-BOUND INHIBITOR HOMOLOG	3.4e-06	27.0	29-155
OG0000936|LLUY|Lamellibrachia_luymsi_proteins_LLU|FUN_014668-T1	PTHR11447:SF8	TUMOR PROTEIN 63	1.9e-15	56.8	57-169
OG0011016|LLUY|Lamellibrachia_luymsi_proteins_LLU|FUN_023995-T1	PTHR34221:SF1	SUBFAMILY NOT NAMED	1.3e-15	58.5	65-140
OG0001811|LLUY|Lamellibrachia_luymsi_proteins_LLU|FUN_001424-T1	PTHR11960:SF2	EUKARYOTIC TRANSLATION INITIATION FACTOR 4E CLASS II 2B	5.5e-108	359.8	17-212
OG0000780|LLUY|Lamellibrachia_luymsi_proteins_LLU|FUN_002681-T1	PTHR46609	FAMILY NOT NAMED	1.5e-14	54.2	16-94
OG0001342|LLUY|Lamellibrachia_luymsi_proteins_LLU|FUN_005844-T1	PTHR43721:SF9	GTP-BINDING PROTEIN 1	1.1e-261	869.9	32-583
OG0001984|LLUY|Lamellibrachia_luymsi_proteins_LLU|FUN_005229-T1	PTHR12290:SF19	PROTEIN CORNICHON HOMOLOG 4	2e-58	197.1	2-137
OG0000310|LLUY|Lamellibrachia_luymsi_proteins_LLU|FUN_019405-T1	PTHR11932:SF123	CULLIN-2	3.4e-249	829.9	4-743
OG0000062|LLUY|Lamellibrachia_luymsi_proteins_LLU|FUN_000748-T1	PTHR10877:SF181	POLYCYSTIC KIDNEY DISEASE 1-LIKE 2B	2.8e-40	138.0	25-178
OG0002290|LLUY|Lamellibrachia_luymsi_proteins_LLU|FUN_026882-T1	PTHR11931:SF20	2,3-BISPHOSPHOGLYCERATE-DEPENDENT PHOSPHOGLYCERATE MUTASE	1.7e-105	352.3	1-249
OG0002290|LLUY|Lamellibrachia_luymsi_proteins_LLU|FUN_026882-T1	PTHR11931:SF8	PHOSPHOGLYCERATE MUTASE 2	1.7e-105	352.3	1-249
OG0000457|LLUY|Lamellibrachia_luymsi_proteins_LLU|FUN_000677-T1	PTHR34415	FAMILY NOT NAMED	8.9e-05	21.9	97-194
OG0000501|LLUY|Lamellibrachia_luymsi_proteins_LLU|FUN_004684-T1	PTHR24115:SF498	SUBFAMILY NOT NAMED	0	1165.6	364-858
OG0006946|LLUY|Lamellibrachia_luymsi_proteins_LLU|FUN_038233-T1	PTHR11247:SF1	DOLICHYLDIPHOSPHATASE 1	8.9e-69	231.9	23-242
OG0006437|LLUY|Lamellibrachia_luymsi_proteins_LLU|FUN_008272-T2	PTHR12416:SF2	RRNA-PROCESSING PROTEIN FCF1 HOMOLOG	2.1e-102	341.3	1-194
OG0006941|LLUY|Lamellibrachia_luymsi_proteins_LLU|FUN_035059-T1	PTHR10677:SF25	UBIQUITIN-LIKE PROTEIN 7	7.2e-16	58.9	2-83
OG0001079|LLUY|Lamellibrachia_luymsi_proteins_LLU|FUN_010996-T1	PTHR33887:SF3	SUBFAMILY NOT NAMED	3.2e-39	135.1	1-158
OG0001440|LLUY|Lamellibrachia_luymsi_proteins_LLU|FUN_001157-T1	PTHR24039:SF35	FBN-1A.1-RELATED	6.9e-142	475.1	108-286
OG0001871|LLUY|Lamellibrachia_luymsi_proteins_LLU|FUN_033187-T1	PTHR21646:SF45	UBIQUITIN CARBOXYL-TERMINAL HYDROLASE 4	0	1254.9	6-913
OG0012315|LLUY|Lamellibrachia_luymsi_proteins_LLU|FUN_003673-T1	PTHR45615:SF27	MYOSIN HEAVY CHAIN, MUSCLE	3.3e-06	25.1	86-440
OG0000338|LLUY|Lamellibrachia_luymsi_proteins_LLU|FUN_028429-T1	PTHR24351:SF201	SUBFAMILY NOT NAMED	3.3e-293	975.1	160-721
OG0009958|LLUY|Lamellibrachia_luymsi_proteins_LLU|FUN_000610-T1	PTHR15282	POTASSIUM VOLTAGE-GATED CHANNEL SUBFAMILY E MEMBER 1, 3	9.1e-07	29.2	22-82
OG0000602|LLUY|Lamellibrachia_luymsi_proteins_LLU|FUN_024251-T1	PTHR18945:SF758	NEURONAL ACETYLCHOLINE RECEPTOR SUBUNIT ALPHA-3	3.8e-74	250.4	162-422
OG0003423|LLUY|Lamellibrachia_luymsi_proteins_LLU|FUN_004408-T1	PTHR12472	RAB3-GAP REGULATORY DOMAIN	0	1325.0	1-1401
OG0002474|LLUY|Lamellibrachia_luymsi_proteins_LLU|FUN_018658-T1	PTHR13466:SF4	TESTIS-EXPRESSED 2,-LIKE	1.6e-165	553.5	322-934
OG0002506|LLUY|Lamellibrachia_luymsi_proteins_LLU|FUN_002623-T1	PTHR46152:SF2	NF-KAPPA-B INHIBITOR-INTERACTING RAS-LIKE PROTEIN 2	2e-82	275.9	1-190
